cd_empresa,descricao_conta_contabil,jan_valor_ajustado,jan_valor_previsto_ajustado,fev_valor_ajustado,fev_valor_previsto_ajustado,mar_valor_ajustado,mar_valor_previsto_ajustado,abr_valor_ajustado,abr_valor_previsto_ajustado,mai_valor_ajustado,mai_valor_previsto_ajustado,jun_valor_ajustado,jun_valor_previsto_ajustado
100,(-) PISCOFINS IPI (não cum)/REINTEGRA,0.0,0.0,0.0,0.0,0.0,0.0,0.0,0.0,0.0,0.0,0.0,0.0
100,13.  Salário,0.0,0.0,0.0,0.0,0.0,0.0,0.0,0.0,0.0,0.0,0.0,0.0
100,13° Salário,417.2037,608.2596,405.6312,553.8426,487.8436,461.9404,533.9818,345.7751,446.538,388.9581,471.8224,461.28656
100,Alienação Imobilizado ,-3210.0,-4680.0,0.0,0.0,-50850.0,-48150.0,0.0,0.0,-57000.0,-49650.0,-10300.0,-10070.0
100,Aluguéis,0.0,0.0,2936.96,4010.08,0.0,0.0,0.0,0.0,0.0,0.0,0.0,0.0
100,Alvará ,1657.8045,2416.986,2332.9384,3185.3582,2114.6255,2002.3445,2283.047,1478.3665,2133.339,1858.25055,1927.4905,1884.44945
100,Amortização,10303.6078,15022.0824,9934.9848,13565.0754,11122.6352,10532.0528,12057.9066,7807.9887,9661.8078,8415.94311,8575.9654,8384.46326
100,Amostras,0.0,0.0,0.0,0.0,0.0,0.0,0.0,0.0,0.0,0.0,0.0,0.0
100,Anúncios e Publicações,5277.24,7693.92,2487.68,3396.64,6926.9,6559.1,4260.24,2758.68,2236.68,1948.266,2020.86,1975.734
100,"Assistência Medica,Odonto,Social - Produ",0.0,0.0,0.0,0.0,0.0,0.0,0.0,0.0,0.0,0.0,0.0,0.0
100,"Assistência Médica,Odontológica e Social",21688.0975,31620.03,12776.8056,17445.2538,15113.1511,14310.6829,12955.363,8389.1285,17186.9136,14970.70632,13164.7184,12870.74896
100,Auditoria Consultoria e honor. advocatic,363227.657,529565.556,147018.716,200737.093,177921.6301,168474.4639,260959.5982,168982.0349,129050.7132,112409.96334,304099.0334,297308.47246
100,Baixa bens sinistrados,0.0,0.0,0.0,0.0,0.0,0.0,0.0,0.0,0.0,0.0,0.0,0.0
100,Baixa de bens Obsoletos,0.0,0.0,122.9696,167.9008,0.0,0.0,0.0,0.0,3058.3008,2663.94096,7138.5798,6979.17462
100,Baixa de bens por Desgaste,0.0,0.0,0.0,0.0,0.0,0.0,0.0,0.0,248.4744,216.43428,0.0,0.0
100,Baixa de bens por Extinção,0.0,0.0,0.0,0.0,0.0,0.0,0.0,0.0,0.0,0.0,0.0,0.0
100,Brindes,47.6685,69.498,81.432,111.186,68.6475,65.0025,302.3404,195.7778,65.0712,56.68044,0.0,0.0
100,Brindes e Doações ,6209.6915,9053.382,-4375.8208,-5974.6784,13853.7209,13118.1251,392.8522,254.3879,2061.9636,1796.07882,9339.3396,9130.79124
100,Brocas,0.0,0.0,0.0,0.0,0.0,0.0,0.0,0.0,0.0,0.0,0.0,0.0
100,COFINS s/ Outras Receitas ,0.0,0.0,0.0,0.0,0.0,0.0,0.0,0.0,0.0,0.0,0.0,0.0
100,CSLL Corrente,429003.3283,625462.7964,616204.4824,841356.1202,556762.0401,527199.4539,704384.3362,456117.7259,652395.951,568271.20995,667982.6246,653066.50774
100,CSLL Diferido,0.0,0.0,0.0,0.0,5730.5012,5426.2268,0.0,0.0,0.0,0.0,0.0,0.0
100,CSRF-Contribuições Sociais Ret. na Fonte,0.0,0.0,0.0,0.0,0.0,0.0,0.0,0.0,0.0,0.0,0.0,0.0
100,Certificações e Licenças,0.0,0.0,0.0,0.0,0.0,0.0,0.0,0.0,1995.0,1737.75,0.0,0.0
100,Combustiveis dep. comercial,41597.427,60646.716,39103.7504,53391.6592,47274.8608,44764.6912,54285.6568,35152.1876,52221.747,45487.89015,42463.3568,41515.14592
100,Combustíveis e Lubrificantes,0.0,0.0,0.0,0.0,0.0,0.0,0.0,0.0,0.0,0.0,0.0,0.0
100,Combustíveis e Lubrificantes Dpto. Adm.,21129.8036,30806.0688,20405.4448,27861.2804,22761.2736,21552.7104,23731.8426,15367.3407,24366.0522,21224.11389,21241.175,20766.8575
100,Comissões s/ Vendas ,0.0,0.0,0.0,0.0,0.0,0.0,0.0,0.0,0.0,0.0,0.0,0.0
100,Comissões s/ vendas  Internacionais,0.0,0.0,0.0,0.0,0.0,0.0,0.0,0.0,0.0,0.0,0.0,0.0
100,Conservação Higiene e Limpeza,0.0,0.0,0.0,0.0,0.0,0.0,0.0,0.0,0.0,0.0,0.0,0.0
100,Contribuição Adicional SENAI,973.3576,1419.1008,985.7744,1345.9612,1088.8002,1030.9878,1228.662,795.609,1147.9002,999.88149,1039.9807,1016.75783
100,Contribuição SENAR,0.0,0.0,0.0,0.0,3675480.036,3480321.804,0.0,0.0,0.0,0.0,0.0,0.0
100,Contribuições Associações de Classe,10648.5972,15525.0576,2354.1856,3214.3688,2088.9632,1978.0448,4269.5486,2764.7077,2008.68,1749.666,1850.5392,1809.21648
100,Custas Processuais ,0.0,0.0,1414.816,1931.768,177.8846,168.4394,-1340.5482,-868.0599,0.0,0.0,5788.6515,5659.39035
100,Custo Alienação Imobilizado,3201.5256,4667.6448,0.0,0.0,23751.0971,22489.9769,0.0,0.0,56691.4362,49381.22469,7206.9924,7046.05956
100,Custo Mercadoria Revendida para Exterior,0.0,0.0,0.0,0.0,0.0,0.0,0.0,0.0,0.0,0.0,0.0,0.0
100,Custo Mercadorias Adquiridas p/Revenda,0.0,0.0,5298.696,7234.758,387.7934,367.2026,0.0,0.0,391.2366,340.78767,0.0,0.0
100,Custo Ociosidade,142.6738,208.0104,138.6736,189.3428,150.6742,142.6738,319.9328,207.1696,152.0076,132.40662,137.3402,134.27338
100,Custo da Merc. Vendida adq. Fins export.,57550.1747,83904.9276,0.0,0.0,0.0,0.0,0.0,0.0,0.0,0.0,0.0,0.0
100,Custo de Formação Profissional,0.0,0.0,0.0,0.0,0.0,0.0,0.0,0.0,0.0,0.0,0.0,0.0
100,Custo de Formação de Profissional,1033.085,1506.18,3091.4,4220.95,1867.325,1768.175,2212.47,1432.665,3301.6224,2875.88688,-551.05,-538.745
100,Custo de Importação,0.0,0.0,0.0,0.0,0.0,0.0,0.0,0.0,0.0,0.0,0.0,0.0
100,Custo do Serviço Prestado,0.0,0.0,0.0,0.0,0.0,0.0,0.0,0.0,0.0,0.0,0.0,0.0
100,Custo do Serviço de Ind. Prestado,0.0,0.0,0.0,0.0,0.0,0.0,0.0,0.0,0.0,0.0,0.0,0.0
100,Custo do pinus em toros vendido,102280.6687,149119.4796,218581.0536,298447.2078,78978.1634,74784.6326,76523.3044,49551.9758,35355.7548,30796.72326,85640.9259,83728.55571
100,Custo dos Produtos Vendidos - CPV,14205698.994,20711112.552,17880412.4824,24413640.1202,18182270.311,17216840.029,21405147.233,13860710.0935,19109022.7638,16644964.56531,15416895.6558,15072634.87902
100,Demais Custos com Transporte Proprio,0.0,0.0,0.0,0.0,0.0,0.0,0.0,0.0,0.0,0.0,0.0,0.0
100,Depreciação,0.0,0.0,0.0,0.0,0.0,0.0,0.0,0.0,0.0,0.0,0.0,0.0
100,Depreciação ,39469.2505,57543.954,38276.316,52261.893,47197.6592,44691.5888,49289.5128,31916.9796,47929.5102,41749.12599,46458.7886,45421.35934
100,Depreciação de bens reavaliados,35.3421,51.5268,34.3512,46.9026,37.3239,35.3421,40.2966,26.0937,37.6542,32.79879,34.0209,33.26121
100,Depreciação departamento comercial,4938.4887,7200.0396,4800.0264,6553.8822,5320.2886,5037.7954,5744.0284,3719.4938,5367.3708,4675.26246,4849.4666,4741.17754
100,Desconto Concedido ,0.0,0.0,19675.6768,26864.8664,5.0963,4.8257,33427.1826,21645.4707,1.2654,1.10223,0.2678,0.26182
100,Descontos Obtidos,-65.1737,-95.0196,-1955.9904,-2670.6792,-555.395,-525.905,-89.6578,-58.0571,-111.4806,-97.10547,-115.7308,-113.14652
100,Despesas Contrato de Cambio ,1056.5287,1540.3596,277.8048,379.3104,527.1224,499.1336,0.0,0.0,371.7426,323.80737,0.0,0.0
100,Despesas Diversas ,0.0,0.0,0.0,0.0,0.0,0.0,0.0,0.0,0.0,0.0,0.0,0.0
100,Despesas Indedutiveis,0.0,0.0,296.4,404.7,0.0,0.0,1563.552,1012.464,1140.0,993.0,18.849,18.4281
100,Despesas Legais/Cartório,386.6124,563.6592,46.02,62.835,0.0,0.0,2628.8926,1702.3157,202.8402,176.68449,170.1766,166.37654
100,Despesas Postais,206.082,300.456,230.776,315.098,343.52,325.28,643.245,416.5275,500.46,435.927,92.185,90.1265
100,Despesas Viagens -  Estadias/ Refeições,28094.4336,40960.1088,20046.3744,27371.0112,37615.0558,35617.7962,28622.1638,18534.0241,69754.6848,60760.00176,-10583.4457,-10347.11633
100,Despesas com Alimentação,0.0,0.0,0.0,0.0,0.0,0.0,0.0,0.0,0.0,0.0,0.0,0.0
100,Despesas com Contratação de Funcionário,1123.5,1638.0,832.0,1136.0,3898.5,3691.5,4636.0,3002.0,1140.0,993.0,2678.0,2618.2
100,Despesas com Exposição e Feiras,34500.3845,50299.626,131386.84,179393.57,99082.4567,93821.4413,138005.424,89364.168,137976.3888,120184.69656,32007.5178,31292.78682
100,Despesas com Formação Profissional,5284.2057,7704.0756,9091.1704,12412.9442,15017.1463,14219.7757,8096.5544,5242.8508,8115.546,7069.0677,5694.7979,5567.63251
100,Despesas com GSP,1268152.7329,1848895.5732,1113309.2256,1520095.2888,824357.4531,780586.2609,935584.9746,605829.6147,1100287.1766,958408.04067,848968.8995,830011.34155
100,Despesas com Marketing,192.6535,280.878,223.3712,304.9876,-9104.3196,-8620.9044,10259.6266,6643.5287,152.1102,132.49599,142.9434,139.75146
100,Despesas de Viagem/estadias/refeições ,2073.8847,3023.6076,7619.3832,10403.3886,10207.1657,9665.1923,10111.421,6547.5595,10647.9078,9274.88811,13536.3836,13234.11484
100,Despesas de Viagens/ Estadias/ Refeições,0.0,0.0,0.0,0.0,0.0,0.0,0.0,0.0,0.0,0.0,0.0,0.0
100,Despesas de importação,0.0,0.0,0.0,0.0,0.0,0.0,0.0,0.0,0.0,0.0,0.0,0.0
100,Despesas e Taxas Bancárias,2857.5634,4166.1672,567.0912,774.2976,824.674,780.886,277.184,179.488,129.4356,112.74522,497.3664,486.26016
100,Despesas indedutiveis,1391.0,2028.0,0.0,0.0,531.4164,503.1996,573.7416,371.5212,536.1192,466.98804,484.3884,473.57196
100,Devedores Incobráveis ,0.0,0.0,0.0,0.0,0.0,0.0,0.0,0.0,0.0,0.0,0.0,0.0
100,Doações,0.0,0.0,0.0,0.0,0.0,0.0,0.0,0.0,0.0,0.0,0.0,0.0
100,Doações Entidades Filantrópicas,5029.0,7332.0,4888.0,6674.0,5311.0,5029.0,5734.0,3713.0,5244.0,4567.8,4738.0,4632.2
100,Doações aos Fundos,0.0,0.0,0.0,0.0,0.0,0.0,0.0,0.0,0.0,0.0,0.0,0.0
100,Energia Elétrica,5331.8742,7773.5736,7454.876,10178.773,7399.0592,7006.1888,7071.364,4578.998,7159.0404,6235.90098,6703.1061,6553.42509
100,Exaustão Mais Valia,1350149.5614,1968442.3512,1604549.8144,2190827.6312,1403687.8984,1329155.7976,1770549.583,1146503.4185,1872389.7168,1630949.99016,1626005.6993,1589696.83417
100,FGTS,28410.1264,41420.3712,32171.5472,43926.5356,49961.9895,47309.1405,39369.4732,25493.3474,38494.5624,33530.78988,45630.8437,44611.90253
100,FGTS dpto comercial,6002.7321,8751.6468,6891.1128,9409.0194,7348.5934,6958.4026,8206.574,5314.093,7577.0328,6599.99436,6685.1017,6535.82273
100,FGTS s/ Provisão 13° Salário ,2704.8958,3943.5864,2767.9704,3779.3442,2699.8073,2556.4547,4326.4128,2801.5296,3280.635,2857.60575,2710.9085,2650.37365
100,FGTS s/ Provisão de 13° Salário ,0.0,0.0,0.0,0.0,0.0,0.0,0.0,0.0,0.0,0.0,0.0,0.0
100,FGTS s/ Provisão de Férias ,5067.7661,7388.5188,3848.4472,5254.6106,2220.5969,2102.6891,8265.1218,5352.0051,4498.8162,3918.70569,3401.9561,3325.99009
100,FGTS s/ provisão de 13º dpto comercial,576.2164,840.0912,586.196,800.383,630.2575,596.7925,682.895,442.2025,637.7844,555.54378,673.4346,658.39674
100,FGTS s/ provisão férias dpto comercial,1514.6171,2208.2268,700.3152,956.1996,760.5465,720.1635,890.8196,576.8422,882.2916,768.52242,1053.7106,1030.18114
100,Facas de Aço Rápido,0.0,0.0,0.0,0.0,0.0,0.0,0.0,0.0,0.0,0.0,0.0,0.0
100,Ferramentas de Uso Geral,0.0,0.0,0.0,0.0,0.0,0.0,0.0,0.0,0.0,0.0,0.0,0.0
100,Fresas e Assessórios,0.0,0.0,0.0,0.0,0.0,0.0,0.0,0.0,0.0,0.0,0.0,0.0
100,Frete s/ Venda,176027.5404,256638.2832,315324.4328,430539.1294,378295.6031,358209.1109,359279.0078,232647.8821,268207.173,233622.56385,208113.7969,203466.59561
100,Frete s/ amostra/reposição/conserto,0.0,0.0,0.0,0.0,0.0,0.0,0.0,0.0,0.0,0.0,0.0,0.0
100,Fretes de Exportação ,1758278.57,2563471.56,1522703.7904,2079076.3292,1345790.9811,1274333.0529,1625584.8886,1052632.8377,1808359.941,1575176.68545,1572018.0536,1536914.73784
100,Fretes e Carretos,0.0,0.0,0.0,0.0,0.0,0.0,0.0,0.0,0.0,0.0,0.0,0.0
100,Fretes e Carretos ,0.0,0.0,0.0,0.0,883.886,836.954,0.0,0.0,0.0,0.0,0.0,0.0
100,Férias,566.3403,825.6924,540.8416,738.4568,650.4619,615.9241,711.9676,461.0282,595.3878,518.61411,629.0931,615.04539
100,Géneros Alimentícios,0.0,0.0,0.0,0.0,0.0,0.0,0.0,0.0,0.0,0.0,0.0,0.0
100,Hig.Limp.Gen Alim. Vestiment. Depto.Adm.,7927.3839,11557.6812,9434.7136,12882.0128,8600.1927,8143.5453,14910.2056,9654.9692,10778.0616,9388.25892,6683.1653,6533.92957
100,IBAMA,0.0,0.0,0.0,0.0,302.8626,286.7814,0.0,0.0,92.796,80.8302,0.0,0.0
100,IBAMA - Taxas Ambientais,2480.9983,3617.1564,0.0,0.0,0.0,0.0,2828.8018,1831.7651,0.0,0.0,0.0,0.0
100,ICMS,0.0,0.0,0.0,0.0,-77.405,-73.295,49.7028,32.1846,96.9,84.405,0.0,0.0
100,ICMS Sobre Ativo Imobilizado,0.1605,0.234,-0.3848,-0.5254,0.0791,0.0749,0.4392,0.2844,0.0,0.0,-0.1133,-0.11077
100,INSS,26571.7273,38740.0884,26836.4928,36642.1344,29950.198,28359.922,33921.4168,21965.5076,31557.7536,27488.46432,28555.7303,27918.07807
100,INSS departamento comercial,5109.5603,7449.4524,5043.7712,6886.6876,5557.5999,5262.5061,5924.5396,3836.3822,5607.375,4884.31875,5242.9987,5125.92203
100,INSS s/ Provisão 13° Salário ,2026.9224,2955.1392,2206.2456,3012.3738,2161.8369,2047.0491,3382.0596,2190.0222,2598.0144,2263.00728,2207.2282,2157.94058
100,INSS s/ Provisão de 13° Salário ,121.7981,177.5748,118.4248,161.6954,142.4139,134.8521,155.8916,100.9462,130.3704,113.55948,137.7419,134.66611
100,INSS s/ Provisão de Férias,104.6246,152.5368,157.8928,215.5844,189.8852,179.8028,207.8636,134.6002,173.8158,151.40271,183.6593,179.55817
100,INSS s/ Provisão de Férias ,-1338.9338,-1952.0904,2417.6568,3301.0314,1501.2276,1421.5164,4575.4636,2962.8002,3254.4492,2834.79654,1951.4792,1907.90248
100,INSS s/ provisão de 13º dpto comercial,432.1837,630.0996,444.5064,606.9222,477.9222,452.5458,517.8534,335.3313,483.5766,421.22067,509.7985,498.41465
100,INSS s/ provisão férias dpto comercial,277.2156,404.1648,457.6936,624.9278,312.7388,296.1332,675.6238,437.4941,527.3754,459.37173,360.8399,352.78231
100,IOF,11732.9352,17105.9616,12934.8544,17661.0512,15944.8198,15098.1922,6643.1196,4301.6922,10087.632,8786.8584,7304.3686,7141.26134
100,IPI-Impostos s/Produtos Industrializados,0.0,0.0,0.0,0.0,0.0,0.0,17.8486,11.5577,0.0,0.0,0.0,0.0
100,IPTU,0.0,0.0,0.0,0.0,27226.785,25781.115,9415.9356,6097.2042,8798.4972,7663.95414,7949.5194,7772.00586
100,IPVA ,5120.592,7465.536,1098.1672,1499.4206,6699.6231,6343.8909,31135.5346,20161.5347,5126.6598,4465.59051,12798.7388,12512.94172
100,IRPJ Corrente,898573.9197,1310070.3876,1324508.4944,1808463.5212,1171948.1764,1109720.8396,1501151.806,972057.317,1408633.4076,1226993.83662,1494676.7235,1461300.44715
100,IRPJ Diferido,0.0,0.0,0.0,0.0,32138.6916,30432.2124,0.0,0.0,0.0,0.0,0.0,0.0
100,IRRF - Imposto Retido na Fonte ,0.0,0.0,10391.7008,14188.6684,0.0,0.0,0.0,0.0,0.0,0.0,0.0,0.0
100,ISS ,0.0,0.0,0.0,0.0,2.0453,1.9367,0.0,0.0,0.0,0.0,0.0,0.0
100,ITR - Imposto Territorial Rural ,0.0,0.0,0.0,0.0,0.0,0.0,0.0,0.0,0.0,0.0,0.0,0.0
100,Impairment de ativo,0.0,0.0,0.0,0.0,0.0,0.0,0.0,0.0,0.0,0.0,0.0,0.0
100,Impostos e Taxas Diversas ,680.1241,991.5828,204.204,278.817,5921.0644,5606.6716,646.539,418.6605,713.6628,621.63786,837.2664,818.57016
100,Indenização de Seguros ,0.0,0.0,0.0,0.0,0.0,0.0,0.0,0.0,-15423.6756,-13434.83322,0.0,0.0
100,Inspeções e Certificações,0.0,0.0,0.0,0.0,0.0,0.0,0.0,0.0,0.0,0.0,0.0,0.0
100,Internet,2039.9015,2974.062,1982.708,2707.159,2267.2885,2146.9015,2179.591,1411.3745,1968.381,1714.56345,1840.1465,1799.05585
100,Juros Ativos ,-3510.8091,-5118.5628,-2189.7408,-2989.8384,-2172.0408,-2056.7112,-2376.2916,-1538.7462,-2237.8542,-1949.28879,-1977.3013,-1933.14797
100,Juros Ativos - Selic,-3361.726,-4901.208,-3561.3448,-4862.6054,-3191.3686,-3021.9154,-3574.7586,-2314.8027,-3581.8116,-3119.94642,-15737.8644,-15386.43636
100,Juros Passivos ,2003.9923,2921.7084,12.9272,17.6506,42847.8711,40572.7629,0.0366,0.0237,2.3598,2.05551,0.1442,0.14098
100,Juros e Corr. s/ Financiamentos,12008.9738,17508.4104,377.936,516.028,0.0,0.0,0.0,0.0,0.0,0.0,0.0,0.0
100,Juros e Correção de Impostos/parcelament,0.0,0.0,0.0,0.0,0.0,0.0,19070.6618,12349.0351,15529.4904,13527.00348,12806.711,12520.7359
100,Juros e Correção s/ Aquisições a prazo,0.0,0.0,0.0,0.0,0.0,0.0,0.0,0.0,0.0,0.0,0.0,0.0
100,Juros sobre  ACC/ACE,369159.5658,538213.9464,334875.0288,457233.2124,381907.8176,361629.5264,469031.7816,303717.3012,760264.347,662230.26015,681748.0287,666524.52903
100,Livros Técnicos Jornais e Revistas,0.0,0.0,0.0,0.0,0.0,0.0,0.0,0.0,0.0,0.0,0.0,0.0
100,Lixas,0.0,0.0,0.0,0.0,0.0,0.0,0.0,0.0,0.0,0.0,0.0,0.0
100,Madeira de Eucalipto em Toros,0.0,0.0,0.0,0.0,0.0,0.0,0.0,0.0,0.0,0.0,0.0,0.0
100,Madeira de Pinus em Toros,0.0,0.0,0.0,0.0,0.0,0.0,0.0,0.0,0.0,0.0,0.0,0.0
100,Manutenção de Pátio e Jardins,0.0,0.0,0.0,0.0,0.0,0.0,0.0,0.0,0.0,0.0,0.0,0.0
100,Manutenção de Pátio e Jardins ,3852.0,5616.0,3744.0,5112.0,4068.0,3852.0,4467.64,2892.98,4104.0,3574.8,3708.0,3625.2
100,Manutenção de veiculos dep. com vendas,12219.1646,17814.8568,6958.38,9500.865,25685.4085,24321.5815,9354.3866,6057.3487,11418.4224,9946.04688,12058.5499,11789.28131
100,Materiais de Escritório,10124.2116,14760.5328,9343.4952,12757.4646,8225.8915,7789.1185,15919.2432,10308.3624,4525.515,3941.96175,8089.414,7908.7766
100,Materiais de Escritório / Informática,0.0,0.0,1747.2,2385.6,0.0,0.0,0.0,0.0,0.0,0.0,0.0,0.0
100,Materiais e Serv. edificio adminstrativo,6850.2042,9987.2136,10403.2552,14204.4446,6201.3044,5872.0316,11936.4312,7729.3284,3049.7736,2656.51332,4359.4235,4262.07715
100,Materiais e Serviços de Informática,3862.593,5631.444,3072.1808,4194.7084,26616.7771,25203.4969,12480.6366,8081.7237,20935.017,18235.50165,8618.7619,8426.30411
100,Materiais e Serviços para Veículos Admin,9651.4,14071.2,14952.8912,20416.4476,11041.5803,10455.3017,16457.0802,10656.6339,13765.2492,11990.25654,28706.1,28065.09
100,Material de Consumo,0.0,0.0,0.0,0.0,0.0,0.0,0.0,0.0,0.0,0.0,0.0,0.0
100,Material de Escritório e Informática,0.0,0.0,0.0,0.0,0.0,0.0,0.0,0.0,0.0,0.0,0.0,0.0
100,Material de Segurança,0.0,0.0,0.0,0.0,0.0,0.0,0.0,0.0,0.0,0.0,0.0,0.0
100,Material e Insumos p/ Reflorestamentos,0.0,0.0,0.0,0.0,0.0,0.0,0.0,0.0,0.0,0.0,0.0,0.0
100,Material p/ Manuten. Prédios Instalações,0.0,0.0,0.0,0.0,0.0,0.0,0.0,0.0,0.0,0.0,0.0,0.0
100,Material p/ Manutenção Equip. Transporte,0.0,0.0,0.0,0.0,0.0,0.0,0.0,0.0,0.0,0.0,0.0,0.0
100,Material p/ Manutenção Pneumática,0.0,0.0,0.0,0.0,0.0,0.0,0.0,0.0,0.0,0.0,0.0,0.0
100,Material para Afiação,0.0,0.0,0.0,0.0,0.0,0.0,0.0,0.0,0.0,0.0,0.0,0.0
100,Material para Manutenção Elétrica,0.0,0.0,0.0,0.0,0.0,0.0,0.0,0.0,0.0,0.0,0.0,0.0
100,Material para Manutenção Hidráulica,0.0,0.0,0.0,0.0,0.0,0.0,0.0,0.0,-174.3744,-151.88928,0.0,0.0
100,Material para Manutenção Industrial,0.0,0.0,0.0,0.0,0.0,0.0,0.0,0.0,0.0,0.0,0.0,0.0
100,Medicamento e Pronto Socorro,0.0,0.0,0.0,0.0,0.0,0.0,0.0,0.0,0.0,0.0,0.0,0.0
100,Multas Tributárias ,0.0,0.0,0.0,0.0,2310947.0783,2188241.9237,0.0,0.0,0.0,0.0,0.0,0.0
100,Notificação de Trânsito ,222.8382,324.8856,419.0992,572.2316,176.4947,167.1233,1066.4996,690.6022,9535.416,8305.8492,-622.429,-608.5301
100,Outras Despesas Indedutíveis ,0.0,0.0,0.0,0.0,0.0,0.0,0.0,0.0,0.0,0.0,0.0,0.0
100,PAT,-85.6,-124.8,1996.8,2726.4,-90.4,-85.6,-97.6,-63.2,-456.0,-397.2,-82.4,-80.56
100,PAT ,20972.0,30576.0,20134.4,27491.2,21153.6,20030.4,22838.4,14788.8,21249.6,18509.52,19611.2,19173.28
100,PAT dpto comercial,4793.6,6988.8,4992.0,6816.0,5424.0,5136.0,5856.0,3792.0,5472.0,4766.4,4944.0,4833.6
100,PIS - Programa de Integração Social,0.0,0.0,0.0,0.0,0.0,0.0,0.0,0.0,0.0,0.0,0.0,0.0
100,Pedagios,276.1028,402.5424,223.7456,305.4988,508.3192,481.3288,387.3256,250.8092,407.9718,355.36491,209.502,204.8238
100,Pedágio departamento comercial,74.5683,108.7164,87.7656,119.8338,204.756,193.884,429.196,277.922,104.994,91.4553,115.051,112.4819
100,Perda em Aplicações antes do resgate,0.0,0.0,0.0,0.0,0.0,0.0,24876.0074,16108.2343,0.0,0.0,15764.871,15412.8399
100,Perdas em operações com derivativos,0.0,0.0,0.0,0.0,0.0,0.0,0.0,0.0,0.0,0.0,0.0,0.0
100,Pesquisa e Desenvolvimento,0.0,0.0,0.0,0.0,0.0,0.0,0.0,0.0,0.0,0.0,0.0,0.0
100,Processamento de Dados,51616.9284,75254.5872,39073.3408,53350.1384,41567.6715,39360.5385,51916.7096,33618.1972,58287.9492,50771.87154,49553.2073,48446.67937
100,Processo Trabalhista,0.0,0.0,0.0,0.0,0.0,0.0,0.0,0.0,0.0,0.0,0.0,0.0
100,Processos Judiciais,5003.32,7294.56,8670.48,11838.54,5283.88,5003.32,45763.0906,29633.4767,5330.64,4643.268,9025.1175,8823.58575
100,Produtividade,11410.3516,16635.6528,35047.2512,47852.9776,46045.1835,43600.3065,50313.7028,32580.1846,40967.0628,35684.46786,40408.3317,39506.00973
100,Produtividade Comercial,0.0,0.0,7025.1792,9592.0716,7603.77,7200.03,8031.26,5200.57,8092.86,7049.307,7031.81,6874.789
100,Propaganda e Publicidade,0.0,0.0,411.6528,562.0644,0.0,0.0,0.0,0.0,0.0,0.0,0.0,0.0
100,Provisão 13. Salário,33771.3935,49236.798,36352.7528,49635.4894,38244.9856,36214.2784,56074.677,36310.6515,42899.4084,37367.64258,39292.4709,38415.06621
100,Provisão CSLL Diferido sobre reavaliação,-818.7319,-1193.6652,-795.7768,-1086.5414,-864.6421,-818.7319,-933.5074,-604.4843,-872.2938,-759.81381,-788.1251,-770.52619
100,Provisão IRPJ Diferido sobre reavaliação,-2274.2636,-3315.7488,-2210.4992,-3018.1816,-2401.7924,-2274.2636,-2593.0856,-1679.1292,-2423.0472,-2110.60164,-2189.2444,-2140.35836
100,Provisão de 13º salario dpto comercial,7203.3363,10502.0604,7408.0344,10114.8162,7965.4491,7542.5049,8630.3898,5588.5311,8059.7202,7020.44049,8497.2425,8307.49825
100,Provisão de Energia Elétrica,48203.9387,70278.6396,15799.4512,21572.3276,9539.9911,9033.4429,26566.8664,17203.1348,-29499.4608,-25695.58296,22002.5098,21511.19162
100,Provisão de Fretes de Exportação,-1273273.7743,-1856361.7644,215631.9672,294420.5706,656217.103,621373.717,874849.7512,566501.0684,595529.844,518737.8378,1127923.6862,1102737.04078
100,Provisão de Férias,71405.4549,104105.1492,54707.4944,74696.7712,53419.4166,50582.9874,114396.899,74076.6805,59656.5876,51964.02762,51657.9402,50504.41338
100,Provisão de férias dpto comercial,18932.6442,27602.7336,10917.0152,14905.9246,10865.0743,10288.1677,11260.4536,7291.6052,11145.7686,9708.55107,13277.73,12981.237
100,Pró-labore,1510.84,2202.72,1468.48,2005.04,1595.56,1510.84,1722.64,1115.48,1609.68,1402.116,1454.36,1421.884
100,Rateio Despesas com Grupo Econômico,0.0,0.0,0.0,0.0,0.0,0.0,0.0,0.0,0.0,0.0,0.0,0.0
100,Rateio custo com grupo econômico,0.0,0.0,0.0,0.0,0.0,0.0,0.0,0.0,0.0,0.0,0.0,0.0
100,Rateio desp. comuns de Grupo Economico,-238078.6166,-347105.2728,-246070.656,-335981.088,-260381.719,-246556.141,-280587.0802,-181691.6339,-264246.3342,-230172.46479,-254616.7622,-248931.14518
100,Rateio despesas com. grupo econômico ,14487.0938,21121.3704,15380.9864,21000.9622,16915.2751,16017.1189,18498.311,11978.4145,16421.871,14304.31395,12312.5273,12037.58737
100,Rateio despesas matriz e filial ,-2675.0,-3900.0,-2600.0,-3550.0,-2825.0,-2675.0,-3050.0,-1975.0,-2850.0,-2482.5,-1526.3879,-1492.30351
100,Receitas Diversas ,-90.094,-131.352,-137.904,-188.292,-235.718,-223.202,-16294.442,-10551.319,-288.42,-251.229,-232.368,-227.1792
100,Recuperação de Impostos Federais ,0.0,0.0,0.0,0.0,0.0,0.0,0.0,0.0,0.0,0.0,0.0,0.0
100,Redução encargos multas  juros parc. Esp,0.0,0.0,0.0,0.0,-2310947.0783,-2188241.9237,0.0,0.0,0.0,0.0,0.0,0.0
100,Resultado Negativo da Equivalência Patri,0.0,0.0,0.0,0.0,0.0,0.0,0.0,0.0,0.0,0.0,0.0,0.0
100,Resíduos de Pinus Elliottis,0.0,0.0,0.0,0.0,0.0,0.0,0.0,0.0,0.0,0.0,0.0,0.0
100,Salários,352832.7675,514410.39,429834.86,586889.905,477831.7435,452460.1465,522319.5272,338223.3004,510645.7746,444799.34577,456392.8352,446201.53888
100,Salários dpto comercial,76159.0155,111035.574,89192.8024,121782.4802,95047.5431,90000.7709,106054.6854,68674.7553,98061.2154,85416.47973,85629.7916,83717.67004
100,Seguro de Vida,756.8324,1103.4192,1041.9344,1422.6412,826.4368,782.5552,895.4556,579.8442,839.7354,731.45373,759.11,742.159
100,Seguros Diversos,86214.608,125696.064,69724.928,95201.344,86224.876,81646.564,95263.7732,61687.1974,88585.4328,77162.57436,64697.0707,63252.37883
100,Serra Circular e Fita,0.0,0.0,0.0,0.0,0.0,0.0,0.0,0.0,0.0,0.0,0.0,0.0
100,Serviço de Terceiros - Comercial,38151.0961,55622.1588,22244.2896,30372.0108,21664.7668,20514.4252,29074.0518,18826.6401,25589.1354,22289.48373,20003.3313,19556.65497
100,Serviços Comércio Exterior,215373.5483,314002.5564,277904.9624,379447.1602,251929.7597,238552.9583,527982.0352,341890.0064,444570.0408,387243.90396,329972.3862,322604.07078
100,Serviços de Extração,0.0,0.0,0.0,0.0,0.0,0.0,0.0,0.0,0.0,0.0,0.0,0.0
100,Serviços de Manutenção e Reparo,0.0,0.0,0.0,0.0,0.0,0.0,0.0,0.0,0.0,0.0,0.0,0.0
100,Serviços de Terceiros - Adm,25809.5449,37628.8692,21810.1,29779.175,61214.7781,57964.4359,25613.0094,16585.4733,21345.0294,18592.64403,27233.2824,26625.16056
100,Serviços de Terceiros - produção,0.0,0.0,0.0,0.0,0.0,0.0,0.0,0.0,0.0,0.0,0.0,0.0
100,Serviços em Equip  transporte,0.0,0.0,0.0,0.0,0.0,0.0,0.0,0.0,0.0,0.0,0.0,0.0
100,Taxas municipais,0.0,0.0,0.0,0.0,0.0,0.0,0.0,0.0,0.0,0.0,0.0,0.0
100,Telefone,2078.5071,3030.3468,9411.6464,12850.5172,-5503.2695,-5211.0605,1918.9624,1242.6068,497.097,432.99765,748.7791,732.05879
100,Termo de cooperação SENAI,0.0,0.0,0.0,0.0,0.0,0.0,0.0,0.0,0.0,0.0,0.0,0.0
100,Termo de cooperação SESI,354.17,516.36,0.0,0.0,0.0,0.0,0.0,0.0,0.0,0.0,9939.5,9717.55
100,Transferência da Prov. Energia Eletrica,-48203.9387,-70278.6396,-15799.4512,-21572.3276,-9539.9911,-9033.4429,-26566.8664,-17203.1348,29499.4608,25695.58296,-22002.5098,-21511.19162
100,Transporte de Pessoal,0.0,0.0,0.0,0.0,0.0,0.0,0.0,0.0,0.0,0.0,0.0,0.0
100,Transporte de Pessoal ,0.0,0.0,0.0,0.0,0.0,0.0,0.0,0.0,0.0,0.0,0.0,0.0
100,Tributos s/ importação de serviços,0.0,0.0,0.0,0.0,0.0,0.0,0.0,0.0,0.0,0.0,0.0,0.0
100,Variação Cambial Passiva ,1223502.9704,1783798.7232,532961.624,727697.602,155665.3083,147399.8937,2260418.2448,1463713.4536,1667218.0002,1452234.62649,6098687.5667,5962503.28123
100,Variação Cambial Passiva Paga ,124379.9565,181339.002,-149008.1632,-203453.4536,1260.2099,1193.2961,2528.4012,1637.2434,2682.5682,2336.65809,137595.8357,134523.30733
100,Variações Cambiais Ativas - Recebidas ,-286817.3948,-418163.6784,-1488641.8248,-2032568.6454,-848603.8405,-803545.2295,-1584745.9864,-1026187.9748,-1207001.334,-1051361.6883,-2223105.1659,-2173463.01171
100,Vestimenta e Acessórios,0.0,0.0,0.0,0.0,0.0,0.0,0.0,0.0,0.0,0.0,0.0,0.0
100,Vestimentas a serem reembolsadas,-3113.4967,-4539.3036,-1901.0264,-2595.6322,24227.3356,22940.9284,569.556999999999,368.8115,330.998999999998,288.317549999999,-6278.3341,-6138.13829
100,Vestimentas e acessorios Comercial,0.0,0.0,47.632,65.036,0.0,0.0,1001.0344,648.2108,0.0,0.0,0.0,0.0
100,Água,4517.8717,6586.8036,38.8024,52.9802,15001.7557,14205.2023,6948.3392,4499.3344,5808.5508,5059.55346,6281.6198,6141.35062
